Producto,Precio Antes
Tenis Tensaur Sport Training Cierre De Cordones Gw6422 Adida,"$1,079"
Tenis Para Correr Hombre Nike Revolution 8 Negro Hj9198-003,"$1,699"
On Running Cloudmonster Model,"$1,987"
Tenis New Balance 530 Varios Modelos,"$4,200"
U Bárbara Pijama Quirúrgica Corte Recto Con Bolsas Uniforme,$899
"Set De Maletas Rumbo Abs Ultra Resistente Con Tamaños 16, 20, 24 Y 28, Ideal Como Equipaje De Mano 55 × 40, Maleta... Rayas","$3,199"
Camisa Polo Hombre Slim Fit Manga Corta Casual 16 Colores,$199.99
Sudaderas Hoodie Essentials 100% Original,"$1,999"
Tenis Para Hombre Nike Court Vision Low Next Nature,"$1,799"
Tenis Hombre Aire Correr Originales Cómodos Transpirables S7,$318.79
3 Piezas Playeras Caballero Camisa Casual Manga Corta Moda,$392.16
Tenis Bota Puma Boulder Wtr Unisex Urbano 30997605,"$3,478"
U Bárbara Pijama Quirúrgica Para Hombre Jogger Uniforme,$899
U Bárbara Pijama Quirúrgica Para Hombre Corte Recto Uniforme,$899
Tenis Para Correr Hombre Negros Cómodo Casual Ligero Dghaei,$538.99
Tenis Para Hombre Nike Court Royale,"$1,499"
3pcs Panty Faja Body Calzón Reductora Moldeadora Sexy,$450
Zapato Hombre Tenis Casal Plataforma Moda Transpirable Sport,$567.36
Tenis Reebok Mujer Ramble Blanco Casual,$899
Tenis Hombre Skechers Urbanos Valvula,"$1,999"
Jbl Partybox Encore Essential 2 Party Speaker Black,"$4,879"
Roku 3840 Streaming Stick Control De Voz Tienda Oficial Negro Estándar,$609
Pantalla Smart Tv Aiwa Roku 43'' Led Full Hd (1080p),"$4,899"
Smart Tv Motorola Mot32hle11 32  Hd Dled Color Negro,"$4,199"
Smart Tv Motorola Mot43fle11 43  Full Hd Led,"$7,199"
Smart Tv Motorola Pantalla 58 Pulgadas Google Tv Qled 4k,"$14,598"
"Pantalla Smart Tv 32  Roku Aiwa Dled Hd, 720p, 3 Hdmi, Wifi, Dolby Audio +150 Canales Memoria Ram 512 Mb","$3,298"
Dji Mic Mini 2 Tx 1 Rx Y Estuche De Carga Micrófono Inalámbrico Superligero Con Audio De Alta Calidad 48h De Usoy Cancelación De Ruido,"$3,199"
Pantalla Aiwa 43 Pulgadas Qled 1080p Smart Tv Roku Wifi Hdmi,"$4,999"
Smart Tv Pantalla 40 Pulgadas Signa Android Tv Led Hd Bluetooth Dolby Audio,"$3,999"
Pantalla Smart Tv Aiwa Roku 50 Pulgadas Qled 4k Ultra Hd,"$8,499"
Pantalla Smart Tv De 40 Pulgadas Para Senderistas Con Dolby,"$4,025"
Pantalla Samsung 65 U7900 4k Uhd Smart Tizen Modelo 2025,"$30,000"
"Bocina 8  Pulgadas Bafle Recargable Msa-7908mx 8hrs 15,000w Pmpo/25w Rms Ksr-link Con Luces Led Control Remoto Y Micrófono Alámbrico De Regalo Color Negro","$1,000"
Proyector Profesional 4k Hd Android Wifi Led 1080p 18000 Lm,"$1,317"
Smart Tv Hyundai Led 50 Full Hd Google Tv + Barra De Sonido,"$6,298"
Bocina Portatil Bluetooth Aiwa Boombox Ipx6 Con Tws 130w Aw-h51bt Negro,"$4,499"
Bocina Kaiser Msa-7515mx Portátil Con Bluetooth Color Negro,"$2,697"
Jbl Partybox Club 120 Jbl Bocina Portátil Con Bluetooth Negro,"$6,299"
Parlante Jbl Partybox Club 120 Portatil Bluetooth Waterproof Negro,"$8,099"
Cubot Kingkong Es Dual Sim 128 Gb Negro Naranja 6 Gb Ram Naranja Claro,"$3,492"
Celular Samsung Galaxy A16 128 Gb 4 Gb De Ram 6.7  Gris,"$4,949"
Celular Xiaomi Pocophone Poco M6 Negro De 8 Gb De Ram 256 Gb De Rom,"$3,333"
Celular Motorola Moto G56 8gb Ram Gris 256gb Memoria,"$5,999"
Cubot Kingkong Power 5 Resistente Dual Sim 128 Gb Negro 6 Gb + 10 Gb Ram 15300 Mah Android 15,"$5,319"
Xiaomi Pocophone Xiaomi Poco C85 Dual Sim 256 Gb 8 Gb Color Verde,"$3,499"
"Smartphone Toptenz P17 6,56 In  Fhd 8 Núcleos Helio P35 16gb Ram+128 Gb Rom Dual Sim Teléfono 4g/lte  5mp+13mp Cámaras Delanteras Y Traseras","$2,659"
"Xiaomi Redmi Note 14 4g 6,67 256gb 8gb Ram Cámara 108mpx - Color Negro","$4,899"
Oppo Reno14 F Azul 5g 256gb + 12gb + Enco Buds3 De Regalo,"$9,999"
Celular Moto G15 128gb 4ram Gris,"$2,499"
Cubot Kingkong 9 Dual Sim 256 Gb Negro 12 Gb Ram,"$5,975"
Fossibot F106 Dual Sim 256 Gb Negro 15 Gb Ram,"$7,518"
Reloj Inteligente Redmi Watch 5 Active Hyperos Bateria 18 Días Negro Plateado,$890
Motorola Edge 60 Fusion/edge 60s 5g 256 Gb 12 Gb Ram Negro,"$6,731"
Teléfono Celular Samsung Galaxy A16 128 Gb 4 Gb De Ram Cámara De 50 Mp Pantalla 6.7 Nfc Negro,"$4,949"
Moto E15 Dual Sim 64 Gb Violeta 2 Gb Ram,"$1,998"
Moto E15 Dual Sim 64 Gb Azul Acero 2 Gb Ram,"$1,998"
Motorola G15 Dual Sim 256gb 4gb Ram Gris,"$4,999"
Xiaomi Poco X7 Pro 5g Dual Slm 256 Gb Negro 8 Gb Ram,"$7,821"
Celular Xiaomi Poco F6 12gb Ram 512gb Rom Color Negro,"$6,673"
Tablets Cubot Tab Kiingkong S Ram 16gb Rom 256gb 10.1'' Con Llamadas Ip68/ip69k Y Mil-std-810h Negro,"$5,918"
Bocina Jbl Flip 7 Bocina Portátil Bluetooth A Prueba De Agua - Sonido Jbl Pro Azul,"$1,859"
Multifuncional Canon Inalámbrica G3110 Color Negro,"$4,199"
iPad 11 Wi-fi 128gb Rosado,"$7,974"
Tablet Samsung Galaxy Tab A11 8.7 4gb 64gb Android 15 Gris Oscuro,"$6,999"
"Impresora Multifuncional Hp Smart Tank 525, Tinta Continua, Color, Copia, Escaner (1f3w3a) Blanco","$4,399"
Rdc 50 Rollos De Papel Térmico 80x70mm Negro Impresora 80mm,$849
Laptop Hp 14-dq0518la Celeron N4120 Ram 4gb Ssd 128gb W11h Color Plateado,"$4,299"
Tablet Samsung Galaxy Tab S9 Gris 256gb,"$17,999"
Notebook Hp 14-dq6015dx 14 Hd 128gb /4gb Ram Intel N150 W11 - Pale Rose Gold Rosa,"$4,599"
"Regulador De Voltaje 8 Contactos Koblenz Rs-1410, Para Hogar Y Oficina, 1410va / 700w, Luz Led, 120 V, Color Negro",$375
Samsung Galaxy Tab A11+ Gris 128gb 6gb Ram Tablet Gris,"$4,999"
Proyector Profesional 4k Hd Android Wifi Led 1080p 18000 Lm,"$1,317"
Laptop Hp Stream 14-dq0762dx Rosa 128gb Ssd Intel Celeron Incluye Windows Color Pink,"$4,999"
Silla Gamer Vidita Gx2000 Vidita Vidita Ergonómica Negra Con Tapizado De Poliuretano Negro,"$2,999"
50 Rollos Papel Térmico 80x70 Mm Impresora 80mm Blanco Inko,"$1,175"
"Monitor Gamer 24 Pulgadas LG Ultragear Pantalla Full Hd Ips Overclock De 144 Hz, Compatible Con Nvidia G-sync 99%, Tiempo De Respuesta 1ms Negro","$2,999"
14  Ultra-thin  Laptop Intel Celeron N4020 8gb Ram 512gb Ssd,"$6,205"
Laptop Hp 245 Amd Ryzen 3 7330u 16gb 512gb Ssd 14  W11 Teclado Español Para Estudiante Y Oficina Negro,"$11,999"
Laptop Hp Gamer Victus 15.6 Fhd 144hz 16gb Ram 512gb Ssd I5-13420h W11 Rtx 4050 Negro Mica Silver,"$16,696"
Tenis Tensaur Sport Training Cierre De Cordones Gw6422 Adida,"$1,079"
Tenis Para Correr Hombre Nike Revolution 8 Negro Hj9198-003,"$1,699"
"Beyond Vitamins | Magnesio Complex |citrato De Magnesio Polvo, Glicinato De Magnesio, Gluconato De Magnesio Y Óxido De Magnesio | Vitaminas Mujer / Hombre - Magnesium - 180 Cápsulas Sin Sabor",$499
On Running Cloudmonster Model,"$1,987"
Caminadora Electrica 2.75hp Centurfit 1 -14km/h Inclinacion Manual Conexion App Bluetooth 12 Programas De Entrenamiento Pantlla Led Con Bocinas Entrenamiento,"$8,599"
Creatina Monohidratada Micronizada En Polvo Quotidien | Alta Pureza Certificada | Con Scoop Dosificador - Creatine Monohydrate Pre Entreno - Platinum - Creatina Mujer / Hombre - Gym - 450g Sin Sabor,$469
Tenis New Balance 530 Varios Modelos,"$4,200"
"Peptidos Bioactivos De Colageno Hidrolizado Quotidien Con Ácido Hialurónico, Vitamina E, Biotina Y Vitamina C - Colageno Puro Para Piel Y Uñas - Multi Collagen Peptides - 50 Porciones Sin Sabor","$1,119"
"Beyond Vitamins | Magnesio Complex | Citrato De Magnesio Polvo, Glicinato De Magnesio, Gluconato De Magnesio Y Óxido De Magnesio | Vitaminas Mujer / Hombre - Magnesium - 60 Cápsulas Sin Sabor",$399
Tienda Casa Campaña Grandes Para Acampar 4-6persona215x215cm,"$2,285"
Tenis Para Hombre Nike Court Vision Low Next Nature,"$1,799"
Tenis Hombre Aire Correr Originales Cómodos Transpirables S7,$318.79
"Bicicleta Estática Spinning Pro Neon Rueda De 8 Kg, Pantalla Lcd Para Velocidad, Tiempo, Calorías Y Más, Asiento Y Manubrio Ajustables, Soporta Hasta 120 Kg, Ejercicio Cardio Fitness Gym En Casa","$3,499"
Bicicleta Spinning Fija Estática Ajustable Ejercicio Cardio 6kg Color Blanco,"$3,999"
Tenis Bota Puma Boulder Wtr Unisex Urbano 30997605,"$3,478"
Proteina Iso 100 5 Libras Gourmet Chocolate,"$2,497"
Caminadora Eléctrica 3 En 1 Caminar+correr+plataforma Vibratoria Portátil Fácil De Guardar Control App Bluetooth Color Negro,"$3,999"
Pharma Grow® Minoxidil 5 Mg 90 Cápsulas | Tratamiento Oral Anticaída Capilar | Estimula El Crecimiento Y Fortalecimiento De Cabello Y Barba Para Hombres.,$629
Proteína 100% Whey Euphoric 2.2 Kg Adicionada Con Creatina Sabor Cookies And Cream Cookies & Cream,$538.99
Tenis Para Correr Hombre Negros Cómodo Casual Ligero Dghaei,No disponible
